{"cv_pre": 0.39495357822328225, "cv_post": 0.4454833567128778, "umass_pre": -5.27340718086175, "umass_post": -4.654523558676777}